"","movie","director","spectator","point","genre","release","limit"
"1","도둑들","최동훈","12983976",7.61,"범죄, 액션, 드라마",2012-07-25,"15세 관람가"
"2","광해, 왕이 된 남자","추창민","12324002",9.24,"드라마",2012-09-13,"15세 관람가"
"3","어벤져스","조스 웨던","7075607",8.8,"액션, SF, 모험",2012-04-26,"12세 관람가"
"4","늑대소년","조성희","7069353",8.64,"멜로/로맨스, 드라마",2012-10-31,"15세 관람가"
"5","다크 나이트 라이즈","크리스토퍼 놀란","6399304",9.02,"액션, 범죄, 스릴러",2012-07-19,"15세 관람가"
"6","레미제라블","톰 후퍼","5921376",8.35,"드라마",2012-12-19,"12세 관람가"
"7","타워","김지훈","5181228",8.03,"드라마",2012-12-25,"12세 관람가"
"8","바람과 함께 사라지다","김주호","4909944",7.59,"코미디, 액션",2012-08-08,"12세 관람가"
"9","어메이징 스파이더맨","마크 웹","4853273",7.74,"액션, 모험, 스릴러",2012-06-28,"12세 관람가"
"10","범죄와의 전쟁 : 나쁜놈들 전성시대","윤종빈","4720050",8.62,"범죄, 드라마",2012-02-02,"청소년 관람불가"
"11","내 아내의 모든 것","민규동","4598985",8.56,"멜로/로맨스, 코미디",2012-05-17,"15세 관람가"
"12","연가시","박정우","4516063",7.19,"드라마, 모험",2012-07-05,"15세 관람가"
"13","건축학개론","이용주","4113457",8.65,"멜로/로맨스",2012-03-22,"12세 관람가"
"14","댄싱퀸","이석훈","4058225",8.87,"코미디, 드라마",2012-01-18,"12세 관람가"
"15","부러진 화살","정지영","3460212",8.92,"드라마",2012-01-18,"15세 관람가"
"16","맨 인 블랙 3","베리 소넨필드","3379764",8.18,"액션, 코미디, SF",2012-05-24,"12세 관람가"
"17","26년","조근현","2963652",6.38,"액션",2012-11-29,"15세 관람가"
"18","호빗 : 뜻밖의 여정","피터 잭슨","2818993",8.41,"판타지, 모험",2012-12-13,"12세 관람가"
"19","내가 살인범이다","정병길","2729830",8.48,"액션, 스릴러",2012-11-08,"청소년 관람불가"
"20","브레이킹 던 part2","빌 콘돈","2654817",8.72,"드라마, 판타지",2012-11-15,"15세 관람가"
"21","후궁 : 제왕의 첩","김대승","2636385",6.85,"멜로/로맨스, 드라마",2012-06-06,"청소년 관람불가"
"22","반창꼬","정기훈","2475797",8.57,"드라마, 멜로/로맨스",2012-12-19,"15세 관람가"
"23","화차","변영주","2436884",7.99,"미스터리",2012-03-08,"15세 관람가"
"24","이웃사람","김휘","2434435",7.52,"스릴러",2012-08-22,"청소년 관람불가"
"25","007 스카이폴","샘 멘데스","2376266",7.87,"액션",2012-10-26,"15세 관람가"
"26","테이큰 2","올리비에 메가턴","2308646",6.99,"액션, 범죄, 드라마",2012-09-27,"청소년 관람불가"
"27","배틀쉽","피터 버그","2241687",7.43,"액션, 전쟁, SF",2012-04-11,"12세 관람가"
"28","장화신은 고양이","크리스 밀러","2080445",8.4,"애니메이션, 모험",2012-01-12,"전체 관람가"
"29","코리아","문현성","1872682",8.54,"드라마",2012-05-03,"12세 관람가"
"30","나의 PS 파트너","변성현","1831741",8.23,"멜로/로맨스, 코미디",2012-12-06,"청소년 관람불가"
"31","러브픽션","전계수","1726227",6.71,"멜로/로맨스, 코미디",2012-02-29,"15세 관람가"
"32","언터처블: 1%의 우정","올리비에르 나카체","1721611",9.34,"코미디, 드라마",2012-03-22,"12세 관람가"
"33","아이스 에이지 4: 대륙 이동설","스티브 마티노","1648110",8.23,"애니메이션, 모험",2012-07-25,"전체 관람가"
"34","공모자들","김홍선","1646142",7.02,"범죄, 스릴러",2012-08-29,"청소년 관람불가"
"35","마다가스카3 : 이번엔 서커스다!","에릭 다넬","1635088",9.02,"애니메이션, 모험",2012-06-06,"전체 관람가"
"36","하울링","유하","1612554",6.78,"범죄, 드라마",2012-02-16,"15세 관람가"
"37","용의자X","방은진","1552055",7.64,"미스터리",2012-10-18,"15세 관람가"
"38","새미의 어드벤쳐 2","벤 스타센","1457406",8.63,"애니메이션, 모험",2012-08-01,"전체 관람가"
"39","차형사","신태라","1346754",7.46,"코미디",2012-05-30,"15세 관람가"
"40","은교","정지우","1346511",7.09,"멜로/로맨스",2012-04-25,"청소년 관람불가"
"41","간첩","우민호","1310895",7.18,"드라마, 코미디, 액션",2012-09-20,"15세 관람가"
"42","간기남","김형준","1246185",6.9,"스릴러, 코미디",2012-04-11,"청소년 관람불가"
"43","메리다와 마법의 숲","마크 앤드류스","1231261",7.61,"애니메이션, 판타지",2012-09-27,"전체 관람가"
"44","토탈 리콜","렌 와이즈먼","1219637",7.28,"액션, SF",2012-08-15,"15세 관람가"
"45","알투비:리턴투베이스","김동원","1201944",7.51,"액션, 드라마",2012-08-15,"15세 관람가"
"46","돈의 맛","임상수","1166025",6.77,"드라마",2012-05-17,"청소년 관람불가"
"47","가문의 영광5-가문의 귀환","정용기","1160021",6.05,"코미디",2012-12-19,"15세 관람가"
"48","잃어버린 세계를 찾아서 2 : 신비의 섬","브래드 페이튼","1149628",7.1,"액션, 모험",2012-01-19,"전체 관람가"
"49","회사원","임상윤","1110523",6.47,"액션, 드라마",2012-10-11,"청소년 관람불가"
"50","가디언즈","피터 램지","1081096",9.16,"애니메이션, 모험",2012-11-29,"전체 관람가"
"51","점박이 : 한반도의 공룡3D","한상호","1051710",7.61,"애니메이션",2012-01-26,"전체 관람가"
"52","본 레거시","토니 길로이","1015832",7.1,"액션, 모험, 스릴러",2012-09-06,"15세 관람가"
"53","시체가 돌아왔다","우선호","986923",7.41,"범죄, 코미디",2012-03-29,"15세 관람가"
"54","원더풀 라디오","권칠인","986287",7.59,"드라마",2012-01-05,"15세 관람가"
"55","돈 크라이 마미","김용한","975462",6.43,"스릴러, 드라마",2012-11-22,"15세 관람가"
"56","프로메테우스","리들리 스콧","971482",7.73,"SF, 스릴러",2012-06-06,"청소년 관람불가"
"57","스텝업4 : 레볼루션","스콧 스피어","953871",8.78,"멜로/로맨스, 드라마",2012-08-15,"12세 관람가"
"58","점쟁이들","신정원","953682",5.81,"코미디, 공포",2012-10-03,"15세 관람가"
"59","주먹왕 랄프","리치 무어","919202",9.33,"애니메이션, 코미디",2012-12-19,"전체 관람가"
"60","타이탄의 분노","조나단 리브스만","893027",6.85,"액션, 판타지",2012-03-29,"12세 관람가"
"61","디스 민즈 워","맥지","873396",8.2,"액션, 멜로/로맨스",2012-02-29,"15세 관람가"
"62","미확인 동영상 : 절대클릭금지","김태경","867386",6.16,"공포, 스릴러",2012-05-30,"15세 관람가"
"63","존 카터: 바숨 전쟁의 서막","앤드류 스탠튼","838126",7.54,"SF, 액션",2012-03-08,"12세 관람가"
"64","나는 왕이로소이다","장규성","790181",7.42,"드라마, 코미디",2012-08-08,"12세 관람가"
"65","토르 : 마법망치의 전설","오스카 요나손","768658",5.64,"애니메이션, 모험",2012-02-09,"전체 관람가"
"66","스노우 화이트 앤 더 헌츠맨","루퍼트 샌더스","636631",7.43,"판타지, 액션, 모험",2012-05-30,"12세 관람가"
"67","미쓰GO","박철관","611685",5.13,"코미디, 액션",2012-06-21,"15세 관람가"
"68","헝거게임 : 판엠의 불꽃","게리 로스","608273",7.19,"판타지, 액션, 드라마",2012-04-05,"15세 관람가"
"69","피에타","김기덕","603283",7.81,"드라마",2012-09-06,"청소년 관람불가"
"70","맨 온 렛지","애스게르 레스","591841",7.29,"스릴러, 범죄",2012-02-22,"15세 관람가"
"71","파파","한지승","587291",8.12,"코미디",2012-02-01,"12세 관람가"
"72","백설공주","타셈 싱","585698",7.47,"드라마, 판타지",2012-05-03,"전체 관람가"
"73","다크 섀도우","팀 버튼","582126",5.84,"멜로/로맨스, 공포",2012-05-10,"15세 관람가"
"74","루퍼","라이언 존슨","571922",8,"SF, 액션",2012-10-11,"청소년 관람불가"
"75","레지던트 이블 5 : 최후의 심판 3D","폴 앤더슨","558443",5.85,"액션, SF, 공포",2012-09-13,"청소년 관람불가"
"76","명탐정 코난: 11번째 스트라이커","시즈노 코분","525169",8.62,"애니메이션",2012-07-19,"12세 관람가"
"77","아부의 왕","정승구","497880",5.65,"코미디",2012-06-21,"15세 관람가"
"78","잠베지아: 신비한 나무섬의 비밀","웨인 쏜리","472692",8.69,"애니메이션, 모험",2012-12-25,"전체 관람가"
"79","페이스 메이커","김달중","467697",8.84,"드라마",2012-01-18,"12세 관람가"
"80","락아웃: 익스트림미션","제임스 매더","462176",6.47,"SF, 액션, 스릴러",2012-06-14,"15세 관람가"
"81","익스펜더블 2","사이먼 웨스트","444456",7.7,"액션, 모험, 스릴러",2012-09-06,"15세 관람가"
"82","밀레니엄 : 여자를 증오한 남자들","데이빗 핀처","443855",8.06,"스릴러, 드라마",2012-01-11,"청소년 관람불가"
"83","두 개의 달","김동빈","426706",7,"미스터리, 공포",2012-07-12,"15세 관람가"
"84","니코: 산타비행단의 모험","캐리 주스넌","407448",8.47,"애니메이션, 모험",2012-12-25,"전체 관람가"
"85","크로니클","조쉬 트랭크","384398",7.6,"드라마, SF, 액션",2012-03-15,"15세 관람가"
"86","미드나잇 인 파리","우디 앨런","376650",9.05,"코미디, 멜로/로맨스",2012-07-05,"15세 관람가"
"87","극장판 포켓몬스터 베스트위시 : 큐레무 VS 성검사 케르디오","유야마 쿠니히코","348991",8.12,"애니메이션, 모험",2012-12-19,"전체 관람가"
"88","링컨 : 뱀파이어 헌터","티무르 베크맘베토브","345175",6.79,"액션, 스릴러, 공포",2012-08-30,"청소년 관람불가"
"89","늑대아이","호소다 마모루","339852",9.11,"애니메이션, 판타지",2012-09-13,"전체 관람가"
"90","음치클리닉","김진영","338168",6.9,"멜로/로맨스, 코미디",2012-11-29,"12세 관람가"
"91","남영동1985","정지영","332643",7.21,"드라마",2012-11-22,"15세 관람가"
"92","무서운 이야기","정범식, 임대웅, 홍지영","331760",6.68,"공포",2012-07-25,"청소년 관람불가"
"93","모모와 다락방의 수상한 요괴들","오키우라 히로유키","300333",8.09,"애니메이션, 가족",2012-07-05,"전체 관람가"
"94","빌리와 용감한 녀석들 3D","라인하드 클루스","299691",7.16,"애니메이션, 가족",2012-08-08,"전체 관람가"
"95","로렉스","크리스 리노드","298780",8.54,"애니메이션, 가족",2012-05-03,"전체 관람가"
"96","위험한 관계","허진호","298086",8,"멜로/로맨스, 드라마",2012-10-11,"청소년 관람불가"
"97","더 그레이","조 카나한","292267",7.63,"액션, 드라마",2012-02-16,"15세 관람가"
"98","메로엣타 반짝반짝 리사이틀","유야마 쿠니히코","287975",0,"애니메이션",2012-12-19,"전체 관람가"
"99","네버엔딩 스토리","정용주","283449",7.42,"멜로/로맨스, 코미디",2012-01-18,"15세 관람가"
"100","우리는 동물원을 샀다","카메론 크로우","276334",8.89,"가족, 코미디",2012-01-18,"전체 관람가"
"101","7번방의 선물","이환경","12811435",8.83,"코미디",2013-01-23,"15세 관람가"
"102","변호인","양우석","11374892",9.29,"드라마",2013-12-18,"15세 관람가"
"103","설국열차","봉준호","9351214",7.98,"SF, 액션, 드라마",2013-08-01,"15세 관람가"
"104","관상","한재림","9135806",7.99,"드라마",2013-09-11,"15세 관람가"
"105","아이언맨 3","셰인 블랙","9001679",8.86,"SF, 액션, 모험",2013-04-25,"12세 관람가"
"106","베를린","류승완","7166688",7.82,"액션, 드라마",2013-01-30,"15세 관람가"
"107","은밀하게 위대하게","장철수","6959083",7.11,"액션, 드라마, 코미디",2013-06-05,"15세 관람가"
"108","숨바꼭질","허정","5604106",6.8,"스릴러",2013-08-14,"15세 관람가"
"109","더 테러 라이브","김병우","5584295",8.27,"스릴러, 드라마",2013-07-31,"15세 관람가"
"110","감시자들","조의석","5509019",7.76,"범죄, 액션, 스릴러",2013-07-03,"15세 관람가"
"111","월드워Z","마크 포스터","5237525",8.21,"드라마, 스릴러, SF",2013-06-20,"15세 관람가"
"112","신세계","박훈정","4682614",8.91,"범죄, 드라마",2013-02-21,"청소년 관람불가"
"113","용의자","원신연","4131963",8.27,"액션, 드라마",2013-12-24,"15세 관람가"
"114","박수건달","조진규","3897969",8.09,"코미디",2013-01-09,"15세 관람가"
"115","스파이","이승준","3436092",6.96,"코미디, 액션",2013-09-05,"15세 관람가"
"116","어바웃 타임","리차드 커티스","3396391",9.22,"멜로/로맨스, 코미디",2013-12-05,"15세 관람가"
"117","그래비티","알폰소 쿠아론","3280151",9.12,"SF, 드라마",2013-10-17,"12세 관람가"
"118","감기","김성수","3117859",7.04,"드라마, 모험, 액션",2013-08-14,"15세 관람가"
"119","토르: 다크 월드","앨런 테일러","3040115",8.36,"액션, 모험, 판타지",2013-10-30,"12세 관람가"
"120","레드: 더 레전드","딘 패리소트","3004649",8.01,"액션, 코미디, 범죄",2013-07-18,"15세 관람가"
"121","친구2","곽경택","2971475",6.21,"느와르, 액션",2013-11-14,"청소년 관람불가"
"122","나우 유 씨 미 : 마술사기단","루이스 리터리어","2718237",8.04,"범죄, 스릴러",2013-08-22,"12세 관람가"
"123","소원","이준익","2711094",9.32,"드라마",2013-10-02,"12세 관람가"
"124","퍼시픽 림","길예르모 델 토로","2539115",7.66,"액션, SF, 모험",2013-07-11,"12세 관람가"
"125","화이 : 괴물을 삼킨 아이","장준환","2394487",7.83,"액션, 스릴러",2013-10-09,"청소년 관람불가"
"126","호빗 : 스마우그의 폐허","피터 잭슨","2282807",9.06,"판타지, 모험, 드라마",2013-12-12,"12세 관람가"
"127","컨저링","제임스 완","2262758",7.85,"공포, 스릴러",2013-09-17,"15세 관람가"
"128","맨 오브 스틸","잭 스나이더","2182227",7.89,"액션, 모험, 판타지",2013-06-13,"12세 관람가"
"129","몽타주","정근섭","2095592",8.54,"스릴러, 드라마",2013-05-16,"15세 관람가"
"130","터보","데이빗 소렌","1925154",9.04,"애니메이션",2013-07-25,"전체 관람가"
"131","연애의 온도","노덕","1865354",7.44,"멜로/로맨스",2013-03-21,"청소년 관람불가"
"132","지.아이.조 2","존 추","1855917",7.07,"액션, 모험, SF",2013-03-28,"15세 관람가"
"133","집으로 가는 길","방은진","1854711",8.81,"드라마",2013-12-11,"15세 관람가"
"134","분노의 질주: 더 맥시멈","저스틴 린","1790491",8.81,"액션, 모험, 범죄",2013-05-22,"15세 관람가"
"135","공범","국동석","1766285",7.16,"스릴러",2013-10-24,"15세 관람가"
"136","전설의 주먹","강우석","1744585",7.56,"액션, 드라마",2013-04-10,"청소년 관람불가"
"137","파파로티","윤종찬","1716438",8.25,"드라마",2013-03-14,"15세 관람가"
"138","라이프 오브 파이","이안","1634734",9.53,"모험, 드라마, 판타지",2013-01-01,"전체 관람가"
"139","스타트렉 다크니스","J.J. 에이브럼스","1607555",8.97,"액션, 모험, SF",2013-05-30,"12세 관람가"
"140","오블리비언","조셉 코신스키","1515356",8.24,"액션, SF",2013-04-11,"15세 관람가"
"141","위대한 개츠비","바즈 루어만","1445217",8.37,"드라마, 멜로/로맨스",2013-05-16,"15세 관람가"
"142","다이하드: 굿 데이 투 다이","존 무어","1438056",7.12,"액션, 범죄, 스릴러",2013-02-06,"15세 관람가"
"143","런닝맨","조동오","1422844",7.77,"액션, 코미디",2013-04-04,"15세 관람가"
"144","미스터 고","김용화","1329061",7.75,"드라마, 코미디, 액션",2013-07-17,"12세 관람가"
"145","결혼전야","홍지영","1214839",7.02,"멜로/로맨스, 코미디",2013-11-21,"15세 관람가"
"146","깡철이","안권태","1209363",6.96,"가족",2013-10-02,"15세 관람가"
"147","엘리시움","닐 블롬캠프","1207732",7.23,"SF, 액션, 드라마",2013-08-29,"청소년 관람불가"
"148","더 웹툰: 예고살인","김용균","1201033",7.22,"공포, 스릴러",2013-06-27,"15세 관람가"
"149","웜 바디스","조나단 레빈","1169839",8.52,"코미디, 공포",2013-03-14,"15세 관람가"
"150","고령화 가족","송해성","1141222",8.12,"드라마",2013-05-09,"15세 관람가"
"151","헝거게임: 캣칭 파이어","프란시스 로렌스","1127373",8.32,"판타지, 액션",2013-11-21,"15세 관람가"
"152","더 울버린","제임스 맨골드","1075333",6.11,"SF, 액션",2013-07-25,"15세 관람가"
"153","동창생","박홍수","1048280",7.3,"액션, 드라마",2013-11-06,"15세 관람가"
"154","에픽 : 숲속의 전설","크리스 웨지","978785",8.77,"애니메이션, 모험",2013-08-07,"전체 관람가"
"155","전국노래자랑","이종필","978413",8,"코미디",2013-05-01,"12세 관람가"
"156","슈퍼배드 2","피에르 꼬팽","963763",8.81,"애니메이션, 코미디",2013-09-12,"전체 관람가"
"157","월터의 상상은 현실이 된다","벤 스틸러","957127",8.8,"모험, 드라마, 판타지",2013-12-31,"12세 관람가"
"158","잭 더 자이언트 킬러","브라이언 싱어","956154",7.7,"모험, 드라마, 판타지",2013-02-28,"12세 관람가"
"159","크루즈 패밀리","커크 드 미코","943806",9.24,"애니메이션, 모험",2013-05-16,"전체 관람가"
"160","뽀로로 극장판 슈퍼썰매 대모험","박영균","931953",8.57,"애니메이션",2013-01-23,"전체 관람가"
"161","개구쟁이 스머프 2","라자 고스넬","921788",7.83,"애니메이션, 가족",2013-08-01,"전체 관람가"
"162","썬더와 마법저택","벤 스타센","904406",8.79,"애니메이션, 모험",2013-12-24,"전체 관람가"
"163","몬스터 호텔","젠디 타타코브스키","884988",8.24,"애니메이션, 가족",2013-01-17,"전체 관람가"
"164","열한시","김현석","870785",6.45,"스릴러",2013-11-28,"15세 관람가"
"165","몬스터 대학교","댄 스캔론","870759",8.75,"애니메이션, 모험",2013-09-12,"전체 관람가"
"166","남쪽으로 튀어","임순례","832894",7.8,"드라마, 코미디",2013-02-06,"15세 관람가"
"167","하늘에서 음식이 내린다면 2","코디 캐머런","800062",8.11,"애니메이션, 코미디",2013-11-21,"전체 관람가"
"168","잭 리처","크리스토퍼 맥쿼리","784031",7.26,"액션",2013-01-17,"15세 관람가"
"169","더 파이브","정연식","731212",6.22,"스릴러, 드라마",2013-11-14,"청소년 관람불가"
"170","엔더스 게임","개빈 후드","654480",7.16,"SF, 액션, 모험",2013-12-31,"12세 관람가"
"171","더 임파서블","후안 안토니오 바요나","625192",8.16,"드라마",2013-01-17,"12세 관람가"
"172","다이노소어 어드벤처 3D","닐 나이팅게일","600018",9,"애니메이션, 액션",2013-12-19,"전체 관람가"
"173","인시디어스: 두번째 집","제임스 완","577758",7.23,"공포, 스릴러",2013-12-05,"15세 관람가"
"174","섀도우 헌터스 : 뼈의 도시","해럴드 즈워트","571074",7.31,"판타지, 액션, 모험",2013-09-12,"15세 관람가"
"175","화이트 하우스 다운","롤랜드 에머리히","569500",7.42,"액션, 드라마",2013-06-27,"15세 관람가"
"176","애프터 어스","M. 나이트 샤말란","537920",6.85,"SF, 액션, 모험",2013-05-30,"12세 관람가"
"177","사이코메트리","권호영","534273",6.79,"미스터리",2013-03-07,"청소년 관람불가"
"178","퍼시잭슨과 괴물의 바다","쏘어 프류덴탈","519584",7.8,"모험, 가족, 판타지",2013-09-12,"12세 관람가"
"179","남자사용설명서","이원석","507913",6.9,"멜로/로맨스, 코미디",2013-02-14,"15세 관람가"
"180","무서운 이야기 2","김성호","495535",6.61,"공포",2013-06-05,"15세 관람가"
"181","캐치미","이현종","494126",6.64,"코미디, 멜로/로맨스",2013-12-18,"12세 관람가"
"182","클라우드 아틀라스","릴리 워쇼스키","453102",8.22,"SF, 액션",2013-01-09,"청소년 관람불가"
"183","노브레싱","조용선","451669",7.57,"드라마",2013-10-30,"15세 관람가"
"184","창수","이덕희","429141",7.11,"느와르",2013-11-28,"청소년 관람불가"
"185","명탐정 코난:수평선상의 음모","야마모토 야스이치로","389873",8.69,"애니메이션",2013-08-07,"12세 관람가"
"186","론 레인저","고어 버빈스키","388235",7.31,"액션, 모험",2013-07-04,"15세 관람가"
"187","스토커","박찬욱","379241",7.29,"스릴러",2013-02-28,"청소년 관람불가"
"188","오즈 그레이트 앤드 파워풀","샘 레이미","350563",7.16,"판타지, 모험, 액션",2013-03-07,"전체 관람가"
"189","미나문방구","정익환","334323",7.07,"드라마, 코미디",2013-05-16,"전체 관람가"
"190","차이니즈 조디악","성룡","315314",7.81,"모험, 액션",2013-02-27,"12세 관람가"
"191","빌리와 용감한 녀석들 2","닉힐 아드바니","306837",7.32,"애니메이션, 모험",2013-02-21,"전체 관람가"
"192","이스케이프 플랜","미카엘 하프스트롬","292893",8.35,"액션, 미스터리",2013-12-05,"청소년 관람불가"
"193","눈의 여왕","블라드 바르베, 막심 스베시니코프","277260",5.25,"애니메이션, 모험",2013-02-07,"전체 관람가"
"194","롤러코스터","하정우","270156",6.37,"코미디",2013-10-17,"15세 관람가"
"195","헨젤과 그레텔 : 마녀 사냥꾼","토미 위르콜라","269510",7.59,"액션, 판타지, 공포",2013-02-14,"청소년 관람불가"
"196","파이스토리 : 악당상어 소탕작전","마크 A.Z. 디페","267440",8.66,"애니메이션, 모험",2013-01-10,"전체 관람가"
"197","저스틴","마누엘 시실라","266475",7.85,"애니메이션, 모험",2013-12-31,"전체 관람가"
"198","장고:분노의 추적자","쿠엔틴 타란티노","260405",8.48,"드라마, 액션",2013-03-21,"청소년 관람불가"
"199","밤의 여왕","김제영","252475",6.88,"멜로/로맨스, 코미디",2013-10-17,"15세 관람가"
"200","캡틴 필립스","폴 그린그래스","242268",9.03,"드라마",2013-10-23,"15세 관람가"
"201","명량","김한민","17615437",8.87,"액션, 드라마",2014-07-30,"15세 관람가"
"202","국제시장","윤제균","14263203",9.16,"드라마",2014-12-17,"12세 관람가"
"203","인터스텔라","크리스토퍼 놀란","10309432",9.11,"SF",2014-11-06,"12세 관람가"
"204","겨울왕국","크리스 벅, 제니퍼 리","10296101",9.2,"애니메이션, 모험",2014-01-16,"전체 관람가"
"205","해적: 바다로 간 산적","이석훈","8666208",8.51,"모험, 액션",2014-08-06,"12세 관람가"
"206","수상한 그녀","황동혁","8659956",9.09,"코미디, 드라마",2014-01-22,"15세 관람가"
"207","트랜스포머: 사라진 시대","마이클 베이","5295929",7.44,"SF, 액션, 모험",2014-06-25,"12세 관람가"
"208","님아, 그 강을 건너지 마오","진모영","4802276",9.16,"다큐멘터리",2014-11-27,"전체 관람가"
"209","군도:민란의 시대","윤종빈","4775811",7.34,"액션",2014-07-23,"15세 관람가"
"210","엣지 오브 투모로우","더그 라이만","4697209",8.74,"액션, SF",2014-06-04,"12세 관람가"
"211","엑스맨: 데이즈 오브 퓨처 패스트","브라이언 싱어","4313446",8.76,"SF, 액션, 판타지",2014-05-22,"12세 관람가"
"212","어메이징 스파이더맨 2","마크 웹","4164946",8.06,"액션, 모험, 판타지",2014-04-23,"12세 관람가"
"213","타짜-신의 손","강형철","4015364",7.76,"드라마",2014-09-03,"청소년 관람불가"
"214","혹성탈출: 반격의 서막","맷 리브스","4002539",8.43,"액션, 드라마, SF",2014-07-10,"12세 관람가"
"215","캡틴 아메리카: 윈터 솔져","조 루소","3963964",8.83,"액션, 모험, SF",2014-03-26,"15세 관람가"
"216","역린","이재규","3849700",7.43,"드라마",2014-04-30,"15세 관람가"
"217","신의 한 수","조범구","3566844",8.4,"범죄, 액션",2014-07-03,"청소년 관람불가"
"218","끝까지 간다","김성훈","3450305",8.83,"범죄, 액션",2014-05-29,"15세 관람가"
"219","비긴 어게인","존 카니","3435729",9.13,"드라마, 멜로/로맨스",2014-08-13,"15세 관람가"
"220","드래곤 길들이기 2","딘 데블로이스","2999906",8.8,"애니메이션, 액션",2014-07-23,"전체 관람가"
"221","표적","창감독","2841884",8.06,"액션, 드라마",2014-04-30,"15세 관람가"
"222","호빗: 다섯 군대 전투","피터 잭슨","2836777",8.57,"판타지, 모험",2014-12-17,"12세 관람가"
"223","메이즈 러너","웨스 볼","2812429",8.38,"액션, 미스터리, SF",2014-09-18,"12세 관람가"
"224","기술자들","김홍선","2564340",7.91,"범죄, 액션",2014-12-24,"15세 관람가"
"225","나의 사랑 나의 신부","임찬상","2141155",8.39,"멜로/로맨스, 코미디",2014-10-08,"15세 관람가"
"226","논스톱","자움 콜렛 세라","2084457",8.3,"액션",2014-02-27,"15세 관람가"
"227","인투 더 스톰","스티븐 쿼일","2078825",8.26,"액션, 스릴러",2014-08-28,"12세 관람가"
"228","노아","대런 아로노프스키","2026574",6.56,"모험, 드라마, 판타지",2014-03-20,"15세 관람가"
"229","남자가 사랑할 때","한동욱","1980120",8.47,"드라마",2014-01-22,"15세 관람가"
"230","루시","뤽 베송","1974843",7.17,"액션",2014-09-03,"청소년 관람불가"
"231","나를 찾아줘","데이빗 핀처","1764233",8.3,"스릴러",2014-10-23,"청소년 관람불가"
"232","제보자","임순례","1755181",8.32,"드라마",2014-10-02,"12세 관람가"
"233","피끓는 청춘","이연우","1676040",7.54,"코미디, 멜로/로맨스",2014-01-22,"15세 관람가"
"234","마다가스카의 펭귄","에릭 다넬","1661388",8.67,"애니메이션, 모험",2014-12-31,"전체 관람가"
"235","두근두근 내 인생","이재용","1624573",7.51,"드라마",2014-09-03,"12세 관람가"
"236","우아한 거짓말","이한","1619871",8.23,"드라마",2014-03-13,"12세 관람가"
"237","300: 제국의 부활","노암 머로","1593116",7.55,"액션, 드라마, 전쟁",2014-03-06,"청소년 관람불가"
"238","엑소더스: 신들과 왕들","리들리 스콧","1511845",7.01,"드라마",2014-12-03,"12세 관람가"
"239","해무","심성보","1475091",7.25,"드라마",2014-08-13,"청소년 관람불가"
"240","인간중독","김대우","1441990",6.63,"드라마, 멜로/로맨스",2014-05-14,"청소년 관람불가"
"241","말레피센트","로버트 스트롬버그","1396899",8.39,"판타지, 모험, 드라마",2014-05-29,"12세 관람가"
"242","폼페이: 최후의 날","폴 앤더슨","1373888",7.32,"액션, 모험, 드라마",2014-02-20,"15세 관람가"
"243","퓨리","데이비드 에이어","1362105",8.55,"액션, 드라마, 전쟁",2014-11-20,"15세 관람가"
"244","가디언즈 오브 갤럭시","제임스 건","1344599",8.64,"액션, 모험, SF",2014-07-31,"12세 관람가"
"245","드라큘라: 전설의 시작","게리 쇼어","1321718",8.05,"판타지, 액션",2014-10-08,"15세 관람가"
"246","찌라시 : 위험한 소문","김광식","1221420",7.55,"드라마, 범죄",2014-02-20,"15세 관람가"
"247","빅매치","최호","1177435",7.82,"액션",2014-11-26,"15세 관람가"
"248","슬로우 비디오","김영탁","1169546",7.77,"드라마",2014-10-02,"12세 관람가"
"249","방황하는 칼날","이정호","989593",7.49,"스릴러, 범죄",2014-04-10,"청소년 관람불가"
"250","로보캅","호세 파딜라","979509",7.52,"액션, 범죄, SF",2014-02-13,"12세 관람가"
"251","우리는 형제입니다","장진","970377",7.67,"코미디, 가족",2014-10-23,"12세 관람가"
"252","애나벨","존 R. 레오네티","926107",7.1,"공포",2014-10-02,"15세 관람가"
"253","헝거게임:모킹제이","프란시스 로렌스","854407",7.33,"판타지, 액션",2014-11-20,"15세 관람가"
"254","그랜드 부다페스트 호텔","웨스 앤더슨","817299",8.7,"미스터리, 모험",2014-03-20,"15세 관람가"
"255","카트","부지영","814676",8.6,"드라마",2014-11-13,"12세 관람가"
"256","상의원","이원석","790370",7.79,"드라마",2014-12-24,"15세 관람가"
"257","관능의 법칙","권칠인","781516",7.64,"드라마, 코미디",2014-02-13,"청소년 관람불가"
"258","리오 2","카를로스 살다나","765961",7.95,"애니메이션, 모험",2014-05-01,"전체 관람가"
"259","안녕,헤이즐","조쉬 분","749146",8.48,"드라마, 멜로/로맨스",2014-08-13,"12세 관람가"
"260","고질라","가렛 에드워즈","709734",7.05,"액션",2014-05-15,"12세 관람가"
"261","트랜센던스","월리 피스터","696412",7.61,"액션, 드라마, SF",2014-05-14,"12세 관람가"
"262","플랜맨","성시흡","635744",8.67,"코미디",2014-01-09,"15세 관람가"
"263","눈의 여왕2: 트롤의 마법거울","알렉세이 트시칠린","618730",7.11,"애니메이션, 판타지",2014-12-24,"전체 관람가"
"264","우는 남자","이정범","603093",6.8,"액션, 드라마",2014-06-04,"청소년 관람불가"
"265","타잔 3D","라인하드 클루스","598204",6.93,"애니메이션, 액션",2014-01-09,"전체 관람가"
"266","패션왕","오기환","594876",6.8,"드라마, 코미디",2014-11-06,"15세 관람가"
"267","황제를 위하여","박상준","591502",6.25,"액션, 느와르",2014-06-11,"청소년 관람불가"
"268","더 울프 오브 월 스트리트","마틴 스콜세지","586005",8.08,"코미디, 범죄, 드라마",2014-01-09,"청소년 관람불가"
"269","스텝 업: 올 인","트리시 시에","565049",8.3,"드라마, 멜로/로맨스",2014-09-03,"12세 관람가"
"270","몬스터","황인호","526547",6.26,"스릴러",2014-03-13,"청소년 관람불가"
"271","노예 12년","스티브 맥퀸","499038",8.33,"드라마",2014-02-27,"15세 관람가"
"272","또 하나의 약속","김태윤","497994",9.25,"드라마",2014-02-06,"12세 관람가"
"273","소녀괴담","오인천","481707",5.83,"공포, 스릴러",2014-07-02,"15세 관람가"
"274","조선미녀삼총사","박제현","480361",5.64,"코미디, 액션, 드라마",2014-01-29,"12세 관람가"
"275","넛잡: 땅콩 도둑들","피터 레페니오티스","479280",7.33,"애니메이션, 모험",2014-01-29,"전체 관람가"
"276","마담 뺑덕","임필성","471248",6.55,"멜로/로맨스",2014-10-02,"청소년 관람불가"
"277","신이 보낸 사람","김진무","424849",8.56,"드라마",2014-02-13,"15세 관람가"
"278","다이버전트","닐 버거","424086",7.62,"SF, 판타지, 액션",2014-04-16,"15세 관람가"
"279","주온 : 끝의 시작","오치아이 마사유키","410644",5.36,"공포",2014-07-16,"15세 관람가"
"280","좋은 친구들","이도윤","407323",7.44,"범죄, 드라마",2014-07-10,"청소년 관람불가"
"281","닌자터틀","조나단 리브스만","400333",8.07,"모험, 액션, 코미디",2014-08-28,"12세 관람가"
"282","명탐정 코난: 이차원의 저격수","시즈노 코분","398768",8.65,"애니메이션, 서스펜스",2014-08-06,"12세 관람가"
"283","나의 독재자","이해준","386074",7.38,"드라마",2014-10-30,"15세 관람가"
"284","천재강아지 미스터 피바디","롭 민코프","385488",8.54,"애니메이션, 가족",2014-04-24,"전체 관람가"
"285","그녀","스파이크 존즈","367154",8.69,"드라마, 멜로/로맨스",2014-05-22,"15세 관람가"
"286","하이힐","장진","343487",7.75,"느와르, 액션",2014-06-03,"청소년 관람불가"
"287","숲속으로","롭 마샬","341882",5.49,"판타지, 뮤지컬",2014-12-24,"전체 관람가"
"288","선 오브 갓","크리스토퍼 스펜서","329286",8.41,"드라마",2014-04-10,"12세 관람가"
"289","잭 라이언 : 코드네임 쉐도우","케네스 브래너","327591",6.64,"액션, 드라마, 스릴러",2014-01-16,"12세 관람가"
"290","극장판 포켓몬스터 베스트위시 : 신의 속도 게노세크트, 뮤츠의 각성","유야마 쿠니히코","321602",8.93,"애니메이션, 모험",2014-01-09,"전체 관람가"
"291","레드카펫","박범수","316955",8.42,"멜로/로맨스, 코미디",2014-10-23,"15세 관람가"
"292","미녀와 야수","크리스토프 갱스","316334",7.48,"판타지, 멜로/로맨스",2014-06-18,"전체 관람가"
"293","비행기2: 소방구조대","로버츠 개너웨이","311456",8.07,"애니메이션, 모험",2014-08-13,"전체 관람가"
"294","개를 훔치는 완벽한 방법","김성호","306743",8.78,"드라마, 가족",2014-12-31,"전체 관람가"
"295","프랑켄슈타인","스튜어트 베티","299205",6.33,"액션",2014-02-06,"12세 관람가"
"296","러브, 로지","크리스티안 디터","296748",7.97,"멜로/로맨스",2014-12-10,"15세 관람가"
"297","오큘러스","마이크 플래너건","279438",6.61,"미스터리, 공포",2014-05-29,"15세 관람가"
"298","사랑에 대한 모든 것","제임스 마쉬","278087",8,"멜로/로맨스, 드라마",2014-12-10,"12세 관람가"
"299","마야","알렉스 슈타더만","265697",8.3,"애니메이션",2014-09-04,"전체 관람가"
"300","뽀로로 극장판 눈요정 마을 대모험","김현호","258909",7.97,"애니메이션",2014-12-11,"전체 관람가"
"301","베테랑","류승완","13414200",9.24,"액션, 드라마",2015-08-05,"15세 관람가"
"302","암살","최동훈","12706819",9.1,"액션, 드라마",2015-07-22,"15세 관람가"
"303","어벤져스: 에이지 오브 울트론","조스 웨던","10494840",8.59,"액션, 모험, 판타지",2015-04-23,"12세 관람가"
"304","히말라야","이석훈","7759711",8.67,"드라마",2015-12-16,"12세 관람가"
"305","내부자들","우민호","7072501",9.06,"범죄, 드라마",2015-11-19,"청소년 관람불가"
"306","사도","이준익","6247651",8.49,"드라마",2015-09-16,"12세 관람가"
"307","킹스맨 : 시크릿 에이전트","매튜 본","6129651",9.02,"액션, 스릴러",2015-02-11,"청소년 관람불가"
"308","미션 임파서블: 로그네이션","크리스토퍼 맥쿼리","6126488",8.81,"액션, 모험, 스릴러",2015-07-30,"15세 관람가"
"309","연평해전","김학순","6044956",9.14,"드라마",2015-06-24,"12세 관람가"
"310","쥬라기 월드","콜린 트레보로우","5546823",8.26,"액션, 모험, SF",2015-06-11,"12세 관람가"
"311","검은 사제들","장재현","5443232",8.55,"미스터리, 드라마",2015-11-05,"15세 관람가"
"312","인사이드 아웃","피트 닥터","4969735",9.04,"애니메이션, 코미디",2015-07-09,"전체 관람가"
"313","마션","리들리 스콧","4881865",8.72,"모험, 드라마, SF",2015-10-08,"12세 관람가"
"314","매드맥스: 분노의 도로","조지 밀러","3884129",8.86,"액션, 모험, 스릴러",2015-05-14,"15세 관람가"
"315","조선명탐정 : 사라진 놉의 딸","김석윤","3872015",8.07,"코미디, 모험",2015-02-11,"12세 관람가"
"316","인턴","낸시 마이어스","3611166",9.04,"코미디",2015-09-24,"12세 관람가"
"317","스타워즈: 깨어난 포스","J.J. 에이브럼스","3273873",8.21,"액션, 모험, 판타지",2015-12-17,"12세 관람가"
"318","분노의 질주: 더 세븐","제임스 완","3248904",9.21,"액션, 범죄, 스릴러",2015-04-01,"15세 관람가"
"319","터미네이터 제니시스","앨런 테일러","3240378",8.13,"액션, 모험, SF",2015-07-02,"15세 관람가"
"320","스물","이병헌","3044859",8.6,"코미디, 드라마",2015-03-25,"15세 관람가"
"321","극비수사","곽경택","2860786",8.35,"드라마, 범죄",2015-06-18,"15세 관람가"
"322","앤트맨","페이튼 리드","2847712",8.71,"액션, SF",2015-09-03,"12세 관람가"
"323","빅 히어로","돈 홀","2801949",9.29,"애니메이션, 액션",2015-01-21,"전체 관람가"
"324","메이즈 러너: 스코치 트라이얼","웨스 볼","2744422",8.36,"액션, SF, 스릴러",2015-09-16,"12세 관람가"
"325","탐정 : 더 비기닝","김정훈","2625686",8.62,"코미디, 범죄",2015-09-24,"15세 관람가"
"326","미니언즈","카일 발다","2625636",8.25,"애니메이션, 코미디",2015-07-29,"전체 관람가"
"327","스파이","폴 페이그","2318748",8.82,"코미디, 액션",2015-05-21,"15세 관람가"
"328","악의 연대기","백운학","2192525",8.22,"범죄, 스릴러",2015-05-14,"15세 관람가"
"329","강남 1970","유하","2192276",7.76,"액션, 드라마",2015-01-21,"청소년 관람불가"
"330","내부자들: 디 오리지널","우민호","2084909",9.09,"범죄, 드라마",2015-12-31,"청소년 관람불가"
"331","뷰티 인사이드","백종열","2057996",8.25,"멜로/로맨스",2015-08-20,"12세 관람가"
"332","테이큰 3","올리비에 메가턴","2006564",8.06,"액션, 범죄, 스릴러",2015-01-01,"15세 관람가"
"333","오늘의 연애","박진표","1892125",7.79,"멜로/로맨스, 코미디",2015-01-14,"15세 관람가"
"334","007 스펙터","샘 멘데스","1820839",7.53,"액션, 모험, 범죄",2015-11-12,"15세 관람가"
"335","대호","박훈정","1762733",8.21,"드라마",2015-12-16,"12세 관람가"
"336","이미테이션 게임","모튼 틸덤","1744213",8.72,"드라마, 스릴러",2015-02-17,"15세 관람가"
"337","샌 안드레아스","브래드 페이튼","1716455",8.3,"액션, 드라마, 스릴러",2015-06-03,"12세 관람가"
"338","쎄시봉","김현석","1715370",7.93,"멜로/로맨스, 드라마",2015-02-05,"15세 관람가"
"339","더 폰","김봉주","1596762",8.05,"액션, 스릴러",2015-10-22,"15세 관람가"
"340","위플래쉬","데이미언 셔젤","1589048",8.87,"드라마",2015-03-12,"15세 관람가"
"341","몬스터 호텔 2","젠디 타타코브스키","1515097",8.63,"애니메이션, 코미디",2015-12-24,"전체 관람가"
"342","차이나타운","한준희","1472147",7.58,"범죄, 드라마",2015-04-29,"청소년 관람불가"
"343","장수상회","강제규","1166229",8.7,"드라마, 멜로/로맨스",2015-04-09,"12세 관람가"
"344","성난 변호사","허종호","1131154",8.49,"범죄, 액션",2015-10-08,"15세 관람가"
"345","간신","민규동","1110274",7.04,"드라마",2015-05-21,"청소년 관람불가"
"346","박물관이 살아있다 : 비밀의 무덤","숀 레비","1101768",8.17,"모험, 코미디, 가족",2015-01-14,"전체 관람가"
"347","그놈이다","윤준형","1046313",7.53,"스릴러",2015-10-28,"15세 관람가"
"348","미쓰 와이프","강효진","988451",8.68,"코미디",2015-08-13,"15세 관람가"
"349","허삼관","하정우","956103",7.61,"드라마",2015-01-14,"12세 관람가"
"350","살인의뢰","손용호","855988",7.04,"범죄, 스릴러",2015-03-12,"청소년 관람불가"
"351","손님","김광태","828029",6.86,"판타지, 공포",2015-07-09,"15세 관람가"
"352","인시디어스 3","리 워넬","825517",7.4,"공포",2015-07-09,"15세 관람가"
"353","하트 오브 더 씨","론 하워드","809841",8.16,"액션, 모험, 드라마",2015-12-03,"12세 관람가"
"354","헝거게임 : 더 파이널","프란시스 로렌스","806737",7.88,"액션, 판타지",2015-11-18,"15세 관람가"
"355","신데렐라","케네스 브래너","716491",8.48,"멜로/로맨스",2015-03-19,"전체 관람가"
"356","픽셀","크리스 콜럼버스","681920",7.8,"SF, 코미디, 액션",2015-07-16,"12세 관람가"
"357","열정같은소리하고있네","정기훈","654407",7.96,"드라마",2015-11-25,"15세 관람가"
"358","조선마술사","김대승","627586",6.87,"드라마",2015-12-30,"12세 관람가"
"359","특종: 량첸살인기","노덕","616481",7.97,"스릴러",2015-10-22,"15세 관람가"
"360","서부전선","천성일","609063",7.16,"전쟁, 드라마",2015-09-24,"12세 관람가"
"361","어린왕자","마크 오스본","579364",8.28,"애니메이션, 판타지",2015-12-23,"전체 관람가"
"362","채피","닐 블롬캠프","573661",7.92,"액션, 범죄, SF",2015-03-12,"15세 관람가"
"363","극장판 요괴워치: 탄생의 비밀이다냥!","타카하시 시게하루","550961",8.76,"애니메이션",2015-07-22,"전체 관람가"
"364","헬머니","신한솔","523871",7.52,"코미디",2015-03-05,"청소년 관람불가"
"365","도라에몽:스탠바이미","야마자키 다카시","504153",8.49,"애니메이션",2015-02-12,"전체 관람가"
"366","위험한 상견례 2","김진영","472695",7.77,"멜로/로맨스, 코미디",2015-04-29,"15세 관람가"
"367","명탐정 코난 : 화염의 해바라기","시즈노 코분","471319",8.55,"애니메이션, 모험",2015-08-05,"전체 관람가"
"368","순수의 시대","안상훈","470308",6.4,"드라마",2015-03-05,"청소년 관람불가"
"369","뽀로로 극장판 컴퓨터 왕국 대모험","박영균","446054",8.82,"애니메이션",2015-12-10,"전체 관람가"
"370","오피스","홍원찬","441208",7.08,"스릴러",2015-09-03,"15세 관람가"
"371","협녀, 칼의 기억","박흥식","431310",6.01,"액션",2015-08-13,"15세 관람가"
"372","무뢰한","오승욱","414663",7.3,"멜로/로맨스, 드라마",2015-05-27,"청소년 관람불가"
"373","판타스틱 4","조쉬 트랭크","399610",5.66,"액션, SF",2015-08-20,"12세 관람가"
"374","내 심장을 쏴라","문제용","387408",8,"드라마",2015-01-28,"15세 관람가"
"375","소수의견","김성제","383582",8.71,"드라마",2015-06-24,"15세 관람가"
"376","그레이의 50가지 그림자","샘 테일러 존슨","364415",5.49,"드라마, 멜로/로맨스",2015-02-25,"청소년 관람불가"
"377","홈","팀 존슨","360781",8.46,"애니메이션, 모험",2015-05-21,"전체 관람가"
"378","경성학교: 사라진 소녀들","이해영","356436",6.45,"미스터리, 드라마",2015-06-18,"15세 관람가"
"379","치외법권","신재호","346483",7.21,"액션",2015-08-27,"15세 관람가"
"380","아메리칸 스나이퍼","클린트 이스트우드","345782",8.71,"액션",2015-01-14,"청소년 관람불가"
"381","에베레스트","발타자르 코루마쿠르","333038",7.81,"모험, 드라마, 스릴러",2015-09-24,"12세 관람가"
"382","스폰지밥3D","폴 티비트","325016",7.92,"애니메이션, 모험",2015-02-18,"전체 관람가"
"383","극적인 하룻밤","하기호","321641",7.49,"멜로/로맨스, 코미디",2015-12-03,"청소년 관람불가"
"384","뮨: 달의 요정","알렉상드르 헤보얀","319465",8.3,"애니메이션",2015-09-24,"전체 관람가"
"385","도리화가","이종필","317505",7.31,"드라마",2015-11-25,"12세 관람가"
"386","패딩턴","폴 킹","315024",8.76,"코미디, 가족, 모험",2015-01-07,"전체 관람가"
"387","주피터 어센딩","라나 워쇼스키","309842",6.58,"SF, 액션, 모험",2015-02-05,"12세 관람가"
"388","포켓몬 더 무비 XY 후파: 광륜의 초마신","유야마 쿠니히코","300477",8.77,"애니메이션, 모험",2015-12-23,"전체 관람가"
"389","오즈의 마법사: 돌아온 도로시","윌 핀","298482",7.98,"애니메이션, 판타지",2015-02-12,"전체 관람가"
"390","런 올 나이트","자움 콜렛 세라","289534",7.93,"액션, 범죄, 드라마",2015-03-19,"청소년 관람불가"
"391","다이노 타임","최윤석","285084",8.49,"애니메이션, 모험",2015-04-30,"전체 관람가"
"392","인서전트","로베르트 슈벤트케","282707",7.69,"SF, 액션",2015-03-25,"15세 관람가"
"393","백 투 더 비기닝","딘 이스라엘리트","266610",7.37,"SF, 스릴러",2015-02-26,"15세 관람가"
"394","스파이 브릿지","스티븐 스필버그","266493",8.65,"드라마, 스릴러",2015-11-05,"12세 관람가"
"395","투모로우랜드","브래드 버드","265810",7.56,"모험, 미스터리, SF",2015-05-27,"12세 관람가"
"396","함정","권형진","257996",6.6,"스릴러, 범죄",2015-09-10,"청소년 관람불가"
"397","명탐정 코난 : 코난 실종사건 - 사상 최악의 이틀","야마모토 야스이치로","257381",8.22,"애니메이션, 서스펜스",2015-02-12,"12세 관람가"
"398","언브로큰","안젤리나 졸리","256802",8.06,"액션, 드라마, 전쟁",2015-01-07,"15세 관람가"
"399","소셜포비아","홍석재","251645",7.82,"스릴러, 드라마",2015-03-12,"15세 관람가"
"400","하늘을 걷는 남자","로버트 저메키스","238439",8.5,"드라마, 모험",2015-10-28,"12세 관람가"
"401","부산행","연상호","11567341",8.59,"액션, 스릴러",2016-07-20,"15세 관람가"
"402","검사외전","이일형","9707119",8.56,"범죄, 코미디",2016-02-03,"15세 관람가"
"403","캡틴 아메리카: 시빌 워","안소니 루소","8678117",8.83,"액션, SF, 스릴러",2016-04-27,"12세 관람가"
"404","밀정","김지운","7500457",8.57,"액션",2016-09-07,"15세 관람가"
"405","마스터","조의석","7147924",8.65,"액션, 범죄",2016-12-21,"15세 관람가"
"406","터널","김성훈","7120780",8.63,"드라마",2016-08-10,"12세 관람가"
"407","인천상륙작전","이재한","7051150",8.55,"전쟁, 드라마",2016-07-27,"12세 관람가"
"408","럭키","이계벽","6975571",8.76,"코미디",2016-10-13,"15세 관람가"
"409","곡성(哭聲)","나홍진","6879989",8.23,"미스터리, 스릴러",2016-05-12,"15세 관람가"
"410","덕혜옹주","허진호","5599995",8.72,"서사, 드라마",2016-08-03,"12세 관람가"
"411","닥터 스트레인지","스콧 데릭슨","5447269",8.88,"액션, 모험, 판타지",2016-10-26,"12세 관람가"
"412","주토피아","바이론 하워드","4706158",9.33,"애니메이션, 액션",2016-02-17,"전체 관람가"
"413","신비한 동물사전","데이빗 예이츠","4667391",8.69,"판타지, 모험",2016-11-16,"12세 관람가"
"414","판도라","박정우","4584993",8.78,"드라마, 스릴러",2016-12-07,"12세 관람가"
"415","아가씨","박찬욱","4288869",7.69,"스릴러, 드라마",2016-06-01,"청소년 관람불가"
"416","쿵푸팬더3","여인영","3984814",8.78,"애니메이션, 액션",2016-01-28,"전체 관람가"
"417","라라랜드","데이미언 셔젤","3600746",8.9,"드라마, 뮤지컬",2016-12-07,"12세 관람가"
"418","귀향","조정래","3587182",9.33,"드라마",2016-02-24,"15세 관람가"
"419","데드풀","팀 밀러","3317184",8.53,"액션",2016-02-17,"청소년 관람불가"
"420","나우 유 씨 미 2","존 추","3100113",8.53,"범죄, 액션",2016-07-13,"12세 관람가"
"421","형","권수경","2982320",8.91,"코미디, 드라마",2016-11-23,"12세 관람가"
"422","엑스맨: 아포칼립스","브라이언 싱어","2938771",8.24,"액션, 모험, 판타지",2016-05-25,"12세 관람가"
"423","미스 페레그린과 이상한 아이들의 집","팀 버튼","2718160",8.58,"판타지, 미스터리",2016-09-28,"12세 관람가"
"424","제이슨 본","폴 그린그래스","2611969",8.31,"액션, 스릴러",2016-07-27,"15세 관람가"
"425","도리를 찾아서","앤드류 스탠튼","2601761",8.62,"애니메이션, 모험",2016-07-06,"전체 관람가"
"426","아수라","김성수","2594553",6.54,"범죄, 액션",2016-09-28,"청소년 관람불가"
"427","정글북","존 파브로","2537438",8.57,"모험, 드라마",2016-06-09,"12세 관람가"
"428","마이펫의 이중생활","크리스 리노드","2520700",8.67,"애니메이션, 코미디",2016-08-03,"전체 관람가"
"429","배트맨 대 슈퍼맨: 저스티스의 시작","잭 스나이더","2256691",7.16,"액션, 모험, 판타지",2016-03-24,"12세 관람가"
"430","굿바이 싱글","김태곤","2108561",8.42,"코미디, 드라마",2016-06-29,"15세 관람가"
"431","봉이 김선달","박대민","2051386",8.26,"코미디, 모험",2016-07-06,"12세 관람가"
"432","레버넌트: 죽음에서 돌아온 자","알레한드로 곤잘레스 이냐리투","2007649",7.97,"모험, 드라마",2016-01-14,"15세 관람가"
"433","컨저링 2","제임스 완","1928605",8.34,"공포",2016-06-09,"15세 관람가"
"434","수어사이드 스쿼드","데이비드 에이어","1898220",7.6,"액션",2016-08-03,"15세 관람가"
"435","씽","가스 제닝스","1730771",8.99,"뮤지컬, 애니메이션",2016-12-21,"전체 관람가"
"436","인디펜던스 데이: 리써전스","롤랜드 에머리히","1500744",7.34,"액션, 모험, SF",2016-06-22,"12세 관람가"
"437","탐정 홍길동: 사라진 마을","조성희","1430960",8.23,"드라마, 액션",2016-05-04,"15세 관람가"
"438","벤허","티무르 베크맘베토브","1400397",8.48,"모험, 드라마",2016-09-14,"12세 관람가"
"439","굿 다이노","피터 손","1330181",8.92,"애니메이션, 모험",2016-01-07,"전체 관람가"
"440","셜록: 유령신부","더글러스 맥키넌","1278885",7.51,"범죄, 드라마",2016-01-02,"12세 관람가"
"441","특별수사: 사형수의 편지","권종관","1243065",8.54,"범죄, 드라마",2016-06-16,"15세 관람가"
"442","시간이탈자","곽재용","1202168",7.88,"스릴러",2016-04-13,"15세 관람가"
"443","동주","이준익","1176300",9.18,"드라마",2016-02-17,"12세 관람가"
"444","당신, 거기 있어줄래요","홍지영","1168782",8.8,"판타지, 드라마",2016-12-14,"12세 관람가"
"445","워크래프트: 전쟁의 서막","던칸 존스","1163223",8.67,"액션, 모험, 판타지",2016-06-09,"12세 관람가"
"446","스타트렉 비욘드","저스틴 린","1157472",8.47,"액션, 모험, SF",2016-08-17,"12세 관람가"
"447","미씽: 사라진 여자","이언희","1153201",8.53,"미스터리, 가족",2016-11-30,"15세 관람가"
"448","라이트 아웃","데이비드 F. 샌드버그","1111284",7.71,"공포",2016-08-24,"15세 관람가"
"449","오빠생각","이한","1069962",8.5,"드라마, 전쟁",2016-01-21,"12세 관람가"
"450","날, 보러와요","이철하","1063286",8.02,"미스터리, 스릴러",2016-04-07,"청소년 관람불가"
"451","로그 원: 스타워즈 스토리","가렛 에드워즈","1019285",8.34,"액션, 모험, 판타지",2016-12-28,"12세 관람가"
"452","맨 인 더 다크","페데 알바레즈","1003406",8.43,"공포, 스릴러",2016-10-05,"청소년 관람불가"
"453","고산자, 대동여지도","강우석","974262",8.01,"드라마",2016-09-07,"전체 관람가"
"454","미 비포 유","테아 샤록","945172",8.78,"멜로/로맨스",2016-06-01,"12세 관람가"
"455","매그니피센트 7","안톤 후쿠아","921317",8.06,"액션, 서부",2016-09-14,"15세 관람가"
"456","갓 오브 이집트","알렉스 프로야스","910345",8.01,"모험, 판타지",2016-03-03,"12세 관람가"
"457","레전드 오브 타잔","데이빗 예이츠","858406",8.02,"액션, 모험",2016-06-29,"12세 관람가"
"458","좋아해줘","박현진","848117",8.6,"멜로/로맨스, 코미디",2016-02-17,"12세 관람가"
"459","브리짓 존스의 베이비","샤론 맥과이어","820995",9.1,"코미디, 멜로/로맨스",2016-09-28,"15세 관람가"
"460","스플릿","최국희","758195",9.15,"드라마",2016-11-09,"15세 관람가"
"461","런던 해즈 폴른","바박 나자피","731584",8.47,"액션, 범죄, 스릴러",2016-03-10,"15세 관람가"
"462","국가대표2","김종현","710117",8.78,"드라마",2016-08-10,"12세 관람가"
"463","인페르노","론 하워드","689071",8.1,"미스터리, 스릴러",2016-10-19,"15세 관람가"
"464","앵그리버드 더 무비","클레이 케이티스, 퍼갈 레일리","680622",8.42,"애니메이션, 액션",2016-05-19,"전체 관람가"
"465","그날의 분위기","조규장","653226",7.87,"멜로/로맨스, 코미디",2016-01-14,"15세 관람가"
"466","사냥","이우철","645834",5.92,"액션, 스릴러",2016-06-29,"15세 관람가"
"467","널 기다리며","모홍진","635177",7.73,"스릴러",2016-03-10,"청소년 관람불가"
"468","설리: 허드슨강의 기적","클린트 이스트우드","627424",8.92,"드라마",2016-09-28,"12세 관람가"
"469","잭 리처: 네버 고 백","에드워드 즈윅","612328",8.13,"액션, 범죄, 드라마",2016-11-30,"15세 관람가"
"470","싱 스트리트","존 카니","563035",9,"드라마, 멜로/로맨스",2016-05-19,"15세 관람가"
"471","아이스 에이지: 지구 대충돌","마이크 트메이어","553760",8.06,"애니메이션, 모험",2016-07-20,"전체 관람가"
"472","메카닉: 리크루트","데니스 간젤","552006",6.6,"액션, 범죄, 스릴러",2016-08-31,"15세 관람가"
"473","명탐정 코난: 순흑의 악몽","시즈노 코분","522344",9.02,"애니메이션",2016-08-03,"12세 관람가"
"474","고스트버스터즈","폴 페이그","515553",8.25,"액션, 코미디, SF",2016-08-25,"12세 관람가"
"475","거울나라의 앨리스","제임스 보빈","513202",8.47,"모험, 가족, 판타지",2016-09-07,"12세 관람가"
"476","가려진 시간","엄태화","511369",8.24,"드라마, 판타지",2016-11-16,"12세 관람가"
"477","해어화","박흥식","485695",8.23,"드라마",2016-04-13,"15세 관람가"
"478","계춘할망","창감독","482784",8.63,"드라마, 가족",2016-05-19,"15세 관람가"
"479","로봇, 소리","이호재","476653",8.25,"드라마",2016-01-27,"12세 관람가"
"480","빅쇼트","아담 맥케이","447220",8.09,"드라마",2016-01-21,"청소년 관람불가"
"481","헌츠맨: 윈터스 워","세딕 니콜라스 트로얀","444927",7.53,"액션, 모험, 드라마",2016-04-13,"12세 관람가"
"482","나를 잊지 말아요","이윤정","427113",6.72,"멜로/로맨스",2016-01-07,"15세 관람가"
"483","나의 소녀시대","프랭키 첸","410538",8.82,"멜로/로맨스, 드라마",2016-05-11,"15세 관람가"
"484","언더 워터","자움 콜렛 세라","384791",8.23,"드라마, 스릴러",2016-07-13,"15세 관람가"
"485","클로버필드 10번지","댄 트라첸버그","357736",7.46,"미스터리, 스릴러",2016-04-07,"15세 관람가"
"486","위자 : 저주의 시작","마이크 플래너건","331886",7.73,"공포",2016-11-09,"12세 관람가"
"487","극장판 요괴워치: 염라대왕과 5개의 이야기다냥!","타카하시 시게하루","330725",8.42,"애니메이션",2016-07-20,"전체 관람가"
"488","캐롤","토드 헤인즈","325616",8.68,"드라마, 멜로/로맨스",2016-02-04,"청소년 관람불가"
"489","아기배달부 스토크","니콜라스 스톨러","323730",8.83,"애니메이션, 코미디",2016-12-07,"전체 관람가"
"490","위대한 소원","남대중","308457",8.19,"코미디, 드라마",2016-04-20,"15세 관람가"
"491","구스범스","롭 레터맨","305131",8.26,"액션, 모험, 코미디",2016-01-14,"12세 관람가"
"492","스포트라이트","토마스 맥카시","301125",8.91,"드라마, 스릴러",2016-02-24,"15세 관람가"
"493","포인트 브레이크","에릭슨 코어","295096",7.98,"액션, 범죄",2016-01-07,"15세 관람가"
"494","앨빈과 슈퍼밴드: 악동 어드벤처","월트 베커","292495",8.43,"애니메이션, 모험",2016-02-04,"전체 관람가"
"495","혼숨","이두환","288016",6.25,"공포",2016-10-26,"15세 관람가"
"496","포켓몬 더 무비 XY&Z 「볼케니온 : 기계왕국의 비밀」","유야마 쿠니히코","282565",8.74,"모험, 판타지, 가족",2016-12-22,"전체 관람가"
"497","극장판 안녕 자두야","손석우","280656",7.99,"애니메이션",2016-05-04,"전체 관람가"
"498","비밀은 없다","이경미","250904",6.99,"스릴러",2016-06-23,"청소년 관람불가"
"499","순정","이은희","240661",8.94,"드라마",2016-02-24,"12세 관람가"
"500","닌자터틀 : 어둠의 히어로","데이브 그린","235211",7.91,"액션, 모험, 코미디",2016-06-16,"12세 관람가"
"501","신과함께-죄와 벌","김용화","14411675",8.73,"판타지, 드라마",2017-12-20,"12세 관람가"
"502","택시운전사","장훈","12189355",9.28,"드라마, 가족",2017-08-02,"15세 관람가"
"503","공조","김성훈","7817654",8.83,"액션",2017-01-18,"15세 관람가"
"504","스파이더맨: 홈커밍","존 왓츠","7258678",8.83,"액션, 모험, SF",2017-07-05,"12세 관람가"
"505","1987","장준환","7232387",9.31,"드라마",2017-12-27,"15세 관람가"
"506","범죄도시","강윤성","6880546",9.28,"액션",2017-10-03,"청소년 관람불가"
"507","군함도","류승완","6592168",7.34,"액션, 드라마",2017-07-26,"15세 관람가"
"508","청년경찰","김주환","5653444",9.03,"액션",2017-08-09,"15세 관람가"
"509","더 킹","한재림","5317959",8.39,"범죄, 드라마",2017-01-18,"15세 관람가"
"510","미녀와 야수","빌 콘돈","5138330",8.99,"판타지, 뮤지컬",2017-03-16,"전체 관람가"
"511","킹스맨: 골든 서클","매튜 본","4945486",8.61,"액션, 모험, 코미디",2017-09-27,"청소년 관람불가"
"512","토르: 라그나로크","타이카 와이티티","4858572",9.02,"액션, 모험, 판타지",2017-10-25,"12세 관람가"
"513","강철비","양우석","4452850",8.73,"액션, 드라마",2017-12-14,"15세 관람가"
"514","꾼","장창원","4018341",8.32,"범죄",2017-11-22,"15세 관람가"
"515","남한산성","황동혁","3849129",8.17,"드라마",2017-10-03,"15세 관람가"
"516","너의 이름은.","신카이 마코토","3712891",9.02,"애니메이션, 드라마",2017-01-04,"12세 관람가"
"517","미이라","알렉스 커츠만","3689290",7.49,"액션, 모험, 판타지",2017-06-06,"15세 관람가"
"518","분노의 질주: 더 익스트림","F. 게리 그레이","3653238",9.18,"액션, 범죄, 스릴러",2017-04-12,"15세 관람가"
"519","슈퍼배드 3","카일 발다","3324874",8.76,"애니메이션, 모험",2017-07-26,"전체 관람가"
"520","아이 캔 스피크","김현석","3282587",9.23,"드라마",2017-09-21,"12세 관람가"
"521","캐리비안의 해적: 죽은 자는 말이 없다","요아킴 뢰닝","3049728",8.58,"액션, 모험, 코미디",2017-05-24,"12세 관람가"
"522","프리즌","나현","2931897",8.25,"범죄, 액션",2017-03-23,"청소년 관람불가"
"523","덩케르크","크리스토퍼 놀란","2792705",8.62,"액션, 드라마, 스릴러",2017-07-20,"12세 관람가"
"524","가디언즈 오브 갤럭시 VOL. 2","제임스 건","2736060",9.05,"액션, SF",2017-05-03,"12세 관람가"
"525","살인자의 기억법","원신연","2658589",8.17,"범죄, 스릴러",2017-09-06,"15세 관람가"
"526","트랜스포머: 최후의 기사","마이클 베이","2614234",6.9,"액션, 모험, SF",2017-06-21,"12세 관람가"
"527","보안관","김형주","2588628",8.26,"범죄, 코미디",2017-05-03,"15세 관람가"
"528","조작된 도시","배종","2515590",8.56,"액션, 범죄",2017-02-09,"15세 관람가"
"529","보스 베이비","톰 맥그라스","2452245",8.84,"애니메이션, 코미디",2017-05-03,"전체 관람가"
"530","재심","김태윤","2421197",8.7,"드라마",2017-02-15,"15세 관람가"
"531","박열","이준익","2359647",8.48,"드라마, 모험",2017-06-28,"12세 관람가"
"532","모아나","론 클레멘츠","2310206",9.22,"애니메이션, 모험",2017-01-12,"전체 관람가"
"533","로건","제임스 맨골드","2169109",8.93,"액션, SF",2017-03-01,"청소년 관람불가"
"534","원더 우먼","패티 젠킨스","2165407",8.24,"액션, 모험, 판타지",2017-05-31,"12세 관람가"
"535","겟 아웃","조던 필","2138524",8.45,"미스터리, 공포",2017-05-17,"15세 관람가"
"536","혹성탈출: 종의 전쟁","맷 리브스","2051351",8.15,"액션, 모험, 드라마",2017-08-15,"12세 관람가"
"537","애나벨: 인형의 주인","데이비드 F. 샌드버그","1934312",7.59,"공포, 스릴러",2017-08-10,"15세 관람가"
"538","노무현입니다","이창재","노무현",9.49,"다큐멘터리",2017-05-25,"12세 관람가"
"539","저스티스 리그","잭 스나이더","1786388",7.9,"액션, 모험, 판타지",2017-11-15,"12세 관람가"
"540","킬러의 보디가드","패트릭 휴즈","1721824",9.1,"액션, 코미디",2017-08-30,"15세 관람가"
"541","콩: 스컬 아일랜드","조던 복트-로버츠","1689079",8.12,"액션, 모험, 판타지",2017-03-08,"12세 관람가"
"542","23 아이덴티티","M. 나이트 샤말란","1676011",7.94,"공포, 스릴러",2017-02-22,"15세 관람가"
"543","임금님의 사건수첩","문현성","1635003",8.05,"코미디, 모험, 액션",2017-04-26,"12세 관람가"
"544","부라더","장유정","1492903",7.83,"코미디",2017-11-02,"12세 관람가"
"545","위대한 쇼맨","마이클 그레이시","1403026",9.29,"드라마, 뮤지컬",2017-12-20,"12세 관람가"
"546","기억의 밤","장항준","1387779",8.41,"미스터리, 스릴러",2017-11-29,"15세 관람가"
"547","해피 데스데이","크리스토퍼 랜던","1382650",8.31,"미스터리, 공포",2017-11-08,"15세 관람가"
"548","브이아이피","박훈정","1373342",6.87,"범죄, 드라마",2017-08-23,"청소년 관람불가"
"549","특별시민","박인제","1362634",7.74,"드라마",2017-04-26,"15세 관람가"
"550","에이리언: 커버넌트","리들리 스콧","1307226",8.19,"SF, 스릴러, 공포",2017-05-09,"15세 관람가"
"551","장산범","허정","1306438",7.42,"미스터리, 스릴러",2017-08-17,"15세 관람가"
"552","악녀","정병길","1208081",7.82,"액션",2017-06-08,"청소년 관람불가"
"553","해빙","이수연","1204600",6.64,"스릴러",2017-03-01,"15세 관람가"
"554","하루","조선호","1129609",7.69,"스릴러",2017-06-15,"15세 관람가"
"555","지오스톰","딘 데블린","1028386",8.11,"액션, SF, 스릴러",2017-10-19,"12세 관람가"
"556","스타워즈: 라스트 제다이","라이언 존슨","959578",7.81,"액션, 모험, 판타지",2017-12-14,"12세 관람가"
"557","불한당: 나쁜 놈들의 세상","변성현","958276",8.14,"범죄, 액션, 드라마",2017-05-17,"청소년 관람불가"
"558","그것","안드레스 무시에티","888836",7.66,"공포, 드라마",2017-09-06,"15세 관람가"
"559","오리엔트 특급 살인","케네스 브래너","864757",7.87,"드라마, 미스터리",2017-11-29,"12세 관람가"
"560","대립군","정윤철","837500",7.59,"드라마",2017-05-31,"15세 관람가"
"561","뽀로로 극장판 공룡섬 대모험","김현호","827338",9.21,"애니메이션",2017-12-07,"전체 관람가"
"562","베이비 드라이버","에드가 라이트","823624",8.41,"액션, 범죄, 스릴러",2017-09-13,"15세 관람가"
"563","레지던트 이블: 파멸의 날","폴 앤더슨","765259",8.59,"액션, SF, 스릴러",2017-01-25,"청소년 관람불가"
"564","공각기동대 : 고스트 인 더 쉘","루퍼트 샌더스","764072",7.27,"SF, 범죄, 액션",2017-03-29,"15세 관람가"
"565","트롤","마이크 미첼","676033",8.81,"애니메이션, 모험",2017-02-16,"전체 관람가"
"566","패신저스","모튼 틸덤","668977",8.03,"모험, SF",2017-01-04,"12세 관람가"
"567","아빠는 딸","김형협","647305",8.56,"코미디, 드라마",2017-04-12,"12세 관람가"
"568","컨택트","드니 빌뇌브","634150",8.45,"드라마, SF, 스릴러",2017-02-02,"12세 관람가"
"569","47미터","조하네스 로버츠","590045",7.33,"공포, 스릴러",2017-07-19,"15세 관람가"
"570","메리와 마녀의 꽃","요네바야시 히로마사","535669",7.91,"애니메이션, 모험",2017-12-07,"전체 관람가"
"571","얼라이드","로버트 저메키스","520478",8.58,"서스펜스, 드라마",2017-01-11,"15세 관람가"
"572","발레리안: 천 개 행성의 도시","뤽 베송","511931",8.11,"액션, 모험, SF",2017-08-30,"12세 관람가"
"573","극장판 포켓몬스터 너로 정했다!","유야마 쿠니히코","509555",8.91,"모험, 가족",2017-12-21,"전체 관람가"
"574","그레이트 월","장이머우","501486",7.92,"액션, 판타지",2017-02-15,"12세 관람가"
"575","침묵","정지우","494097",8.25,"드라마",2017-11-02,"15세 관람가"
"576","카3: 새로운 도전","브라이언 피","487916",8.62,"애니메이션, 모험",2017-07-13,"전체 관람가"
"577","트리플 엑스 리턴즈","D.J. 카루소","475309",8.18,"액션, 모험, 스릴러",2017-02-08,"15세 관람가"
"578","리얼","이사랑","470195",4.42,"액션, 느와르",2017-06-28,"청소년 관람불가"
"579","너의 췌장을 먹고 싶어","츠키카와 쇼","465575",8.36,"드라마",2017-10-25,"12세 관람가"
"580","라이프","다니엘 에스피노사","459986",7.82,"SF, 스릴러",2017-04-05,"15세 관람가"
"581","명탐정 코난:진홍의 연가","시즈노 코분","450705",8.9,"애니메이션, 서스펜스",2017-08-02,"12세 관람가"
"582","히든 피겨스","데오도르 멜피","449518",9.36,"드라마",2017-03-23,"12세 관람가"
"583","반드시 잡는다","김홍선","446780",8.11,"스릴러",2017-11-29,"15세 관람가"
"584","러빙 빈센트","도로타 코비엘라","435219",9.18,"애니메이션, 미스터리",2017-11-09,"15세 관람가"
"585","원라인","양경모","435142",8.67,"범죄",2017-03-29,"15세 관람가"
"586","터닝메카드W: 블랙미러의 부활","홍헌표","430013",8.87,"애니메이션",2017-01-18,"전체 관람가"
"587","스머프: 비밀의 숲","켈리 애스버리","427764",8.61,"애니메이션, 가족",2017-04-28,"전체 관람가"
"588","킹 아서: 제왕의 검","가이 리치","415714",8.11,"액션, 모험, 드라마",2017-05-17,"12세 관람가"
"589","넛잡 2","캘런 브런커","411787",8.63,"애니메이션, 모험",2017-10-03,"전체 관람가"
"590","아메리칸 메이드","더그 라이만","401550",7.7,"범죄, 액션",2017-09-14,"15세 관람가"
"591","몬스터 패밀리","호거 태프","397649",8.31,"애니메이션, 코미디",2017-12-21,"전체 관람가"
"592","보통사람","김봉한","383336",8.5,"드라마",2017-03-23,"15세 관람가"
"593","대장 김창수","이원태","381483",8.45,"드라마",2017-10-19,"12세 관람가"
"594","눈의 여왕3: 눈과 불의 마법대결","알렉세이 트시칠린","368195",8.34,"애니메이션, 모험",2017-01-04,"전체 관람가"
"595","어쌔신 크리드","저스틴 커젤","355813",7.29,"액션, 모험, 판타지",2017-01-11,"15세 관람가"
"596","플립","로브 라이너","355781",9.12,"멜로/로맨스, 드라마",2017-07-12,"12세 관람가"
"597","석조저택 살인사건","정식","353517",8.22,"스릴러, 서스펜스",2017-05-09,"15세 관람가"
"598","싱글라이더","이주영","351276",8.01,"드라마",2017-02-22,"15세 관람가"
"599","7호실","이용승","347823",7.12,"블랙코미디",2017-11-15,"15세 관람가"
"600","사랑하기 때문에","주지홍","340936",8.38,"코미디, 멜로/로맨스",2017-01-04,"12세 관람가"
"601","신과함께-인과 연","김용화","12276115",8.63,"판타지, 드라마",2018-08-01,"12세 관람가"
"602","어벤져스: 인피니티 워","안소니 루소","11212710",9.08,"액션, 모험, 판타지",2018-04-25,"12세 관람가"
"603","보헤미안 랩소디","브라이언 싱어","9948386",9.45,"드라마",2018-10-31,"12세 관람가"
"604","미션 임파서블: 폴아웃","크리스토퍼 맥쿼리","6584919",9.15,"액션, 모험, 스릴러",2018-07-25,"15세 관람가"
"605","쥬라기 월드: 폴른 킹덤","후안 안토니오 바요나","5661231",8.54,"액션, 모험, SF",2018-06-06,"12세 관람가"
"606","앤트맨과 와스프","페이튼 리드","5448134",8.85,"액션, 모험, SF",2018-07-04,"12세 관람가"
"607","안시성","김광식","5441020",8.63,"액션",2018-09-19,"12세 관람가"
"608","블랙 팬서","라이언 쿠글러","5399327",8.33,"액션, 드라마, SF",2018-02-14,"12세 관람가"
"609","완벽한 타인","이재규","5294154",9.08,"드라마, 코미디",2018-10-31,"15세 관람가"
"610","독전","이해영","5201715",8.41,"범죄, 액션",2018-05-22,"15세 관람가"
"611","아쿠아맨","제임스 완","5038143",8.77,"액션, 모험, SF",2018-12-19,"12세 관람가"
"612","공작","윤종빈","4975362",7.86,"드라마",2018-08-08,"12세 관람가"
"613","베놈","루벤 플레셔","3887975",8.24,"액션, SF, 스릴러",2018-10-03,"15세 관람가"
"614","암수살인","김태균","3789222",8.58,"범죄, 드라마",2018-10-03,"15세 관람가"
"615","데드풀 2","데이빗 레이치","3784630",9.09,"액션, 모험, 코미디",2018-05-16,"청소년 관람불가"
"616","국가부도의 날","최국희","3755133",8.7,"드라마",2018-11-28,"12세 관람가"
"617","코코","리 언크리치","3513114",9.2,"애니메이션, 모험",2018-01-11,"전체 관람가"
"618","그것만이 내 세상","최성현","3419753",9.17,"코미디, 드라마",2018-01-17,"12세 관람가"
"619","마녀","박훈정","3189091",8.57,"미스터리, 액션",2018-06-27,"15세 관람가"
"620","탐정: 리턴즈","이언희","3152895",8.99,"코미디, 범죄",2018-06-13,"15세 관람가"
"621","인크레더블 2","브래드 버드","3033105",9.32,"애니메이션, 액션",2018-07-18,"전체 관람가"
"622","서치","아니쉬 차간티","2950097",8.97,"드라마",2018-08-29,"12세 관람가"
"623","너의 결혼식","이석근","2820685",9,"멜로/로맨스",2018-08-22,"12세 관람가"
"624","곤지암","정범식","2675883",7.51,"공포, 미스터리",2018-03-28,"15세 관람가"
"625","지금 만나러 갑니다","이장훈","2602273",8.97,"멜로/로맨스",2018-03-14,"12세 관람가"
"626","목격자","조규장","2524634",7.56,"스릴러",2018-08-15,"15세 관람가"
"627","조선명탐정: 흡혈괴마의 비밀","김석윤","2444145",7.52,"모험, 코미디",2018-02-08,"12세 관람가"
"628","신비한 동물들과 그린델왈드의 범죄","데이빗 예이츠","2414195",7.46,"모험, 가족, 판타지",2018-11-14,"12세 관람가"
"629","메이즈 러너: 데스 큐어","웨스 볼","2299751",8.16,"액션, SF, 스릴러",2018-01-17,"12세 관람가"
"630","맘마미아!2","올 파커","2293884",9.08,"뮤지컬",2018-08-08,"12세 관람가"
"631","레디 플레이어 원","스티븐 스필버그","2254442",8.72,"액션, SF, 모험",2018-03-28,"12세 관람가"
"632","명당","박희곤","2086418",7.75,"드라마",2018-09-19,"12세 관람가"
"633","협상","이종석","1967149",8.16,"범죄",2018-09-19,"15세 관람가"
"634","마약왕","우민호","1864077",7.19,"범죄, 드라마",2018-12-19,"청소년 관람불가"
"635","쥬만지: 새로운 세계","제이크 캐스단","1711270",8.44,"액션, 모험",2018-01-03,"12세 관람가"
"636","PMC: 더 벙커","김병우","1671548",6.53,"액션",2018-12-26,"15세 관람가"
"637","창궐","김성훈","1599598",6.47,"액션",2018-10-25,"15세 관람가"
"638","성난황소","김민호","1593298",8.65,"범죄, 액션",2018-11-22,"15세 관람가"
"639","범블비","트래비스 나이트","1561643",8.75,"액션, 모험, SF",2018-12-25,"12세 관람가"
"640","도어락","이권","1561258",7.7,"스릴러",2018-12-05,"15세 관람가"
"641","리틀 포레스트","임순례","1506911",9.01,"드라마",2018-02-28,"전체 관람가"
"642","스윙키즈","강형철","1472932",8.93,"드라마",2018-12-19,"12세 관람가"
"643","골든슬럼버","노동석","1387564",6.27,"범죄, 드라마",2018-02-14,"15세 관람가"
"644","램페이지","브래드 페이튼","1385517",8.82,"액션, 모험",2018-04-12,"12세 관람가"
"645","궁합","홍창표","1340149",7.49,"코미디, 드라마",2018-02-28,"12세 관람가"
"646","오션스8","게리 로스","1335839",8.38,"액션, 범죄",2018-06-13,"12세 관람가"
"647","사라진 밤","이창희","1315735",7.94,"스릴러",2018-03-07,"15세 관람가"
"648","바람 바람 바람","이병헌","1194239",6.65,"코미디",2018-04-05,"청소년 관람불가"
"649","챔피언","김용완","1128784",7.46,"드라마",2018-05-01,"12세 관람가"
"650","퍼시픽 림: 업라이징","스티븐 S. 드나이트","1077240",7.96,"액션, 모험, SF",2018-03-21,"15세 관람가"
"651","몬스터 호텔 3","젠디 타타코브스키","1071436",8.69,"애니메이션, 코미디",2018-08-08,"전체 관람가"
"652","더 넌","코린 하디","1011580",7.37,"공포, 미스터리",2018-09-19,"15세 관람가"
"653","스카이스크래퍼","로슨 마샬 터버","1002858",8.66,"액션, 범죄, 드라마",2018-07-11,"12세 관람가"
"654","염력","연상호","990111",6.21,"코미디",2018-01-31,"15세 관람가"
"655","월요일이 사라졌다","토미 위르콜라","903195",8.5,"액션, 범죄, 모험",2018-02-22,"15세 관람가"
"656","인랑","김지운","899029",5.26,"SF, 액션",2018-07-25,"15세 관람가"
"657","극장판 헬로카봇 : 백악기 시대","최신규","879682",9.31,"애니메이션",2018-08-01,"전체 관람가"
"658","레슬러","김대웅","771159",6.44,"드라마, 코미디",2018-05-09,"15세 관람가"
"659","상류사회","변혁","768249",5.67,"드라마",2018-08-29,"청소년 관람불가"
"660","물괴","허종호","723951",6.44,"액션",2018-09-12,"15세 관람가"
"661","스파이더맨: 뉴 유니버스","밥 퍼시케티","723450",9.37,"애니메이션, 액션",2018-12-12,"12세 관람가"
"662","미쓰백","이지원","723010",9.25,"드라마",2018-10-11,"15세 관람가"
"663","신비아파트: 금빛 도깨비와 비밀의 동굴","김병갑","678091",8.81,"애니메이션, 판타지",2018-07-25,"전체 관람가"
"664","퍼스트맨","데이미언 셔젤","665984",7.86,"SF, 드라마",2018-10-18,"12세 관람가"
"665","인시디어스4: 라스트 키","애덤 로비텔","554535",7.32,"공포, 미스터리",2018-01-31,"15세 관람가"
"666","그린치","스콧 모지어","552970",8.5,"애니메이션, 코미디",2018-12-19,"전체 관람가"
"667","점박이 한반도의 공룡2 : 새로운 낙원","한상호","550145",9.16,"애니메이션",2018-12-25,"전체 관람가"
"668","그날, 바다","김지영","540631",9.82,"다큐멘터리",2018-04-12,"15세 관람가"
"669","툼레이더","로아 우타우","540412",7.58,"액션, 모험",2018-03-08,"12세 관람가"
"670","페르디난드","카를로스 살다나","535448",8.97,"애니메이션, 모험",2018-01-03,"전체 관람가"
"671","버닝","이창동","528435",7.82,"미스터리",2018-05-17,"청소년 관람불가"
"672","7년의 밤","추창민","528014",6,"스릴러, 드라마",2018-03-28,"15세 관람가"
"673","메가로돈","존 터틀타웁","527962",7.53,"액션, 공포, SF",2018-08-15,"12세 관람가"
"674","콰이어트 플레이스","존 크래신스키","526078",8.29,"서스펜스, 공포",2018-04-12,"15세 관람가"
"675","호두까기 인형과 4개의 왕국","라세 할스트롬","518312",8.18,"판타지, 드라마",2018-12-06,"전체 관람가"
"676","셰이프 오브 워터: 사랑의 모양","기예르모 델 토로","507412",8.68,"드라마, 판타지",2018-02-22,"청소년 관람불가"
"677","곰돌이 푸 다시 만나 행복해","마크 포스터","492202",8.94,"모험",2018-10-03,"전체 관람가"
"678","스타 이즈 본","브래들리 쿠퍼","491857",9.15,"드라마, 멜로/로맨스",2018-10-09,"15세 관람가"
"679","변산","이준익","490519",8.33,"드라마",2018-07-04,"15세 관람가"
"680","동네사람들","임진순","461693",7.13,"액션, 스릴러",2018-11-07,"15세 관람가"
"681","원더풀 고스트","조원희","450378",8,"코미디, 드라마, 범죄",2018-09-26,"12세 관람가"
"682","명탐정 코난 : 제로의 집행인","타치카와 유즈루","419998",9.25,"애니메이션, 미스터리",2018-08-08,"12세 관람가"
"683","흥부: 글로 세상을 바꾼 자","조근현","416348",6.9,"드라마",2018-02-14,"12세 관람가"
"684","피터 래빗","윌 글럭","388301",9.18,"애니메이션, 가족",2018-05-16,"전체 관람가"
"685","극장판 짱구는 못말려: 아뵤! 쿵후 보이즈 ~라면 대란~","타카하시 와타루","353012",8.89,"애니메이션, 코미디",2018-12-19,"전체 관람가"
"686","패딩턴 2","폴 킹","339014",9.13,"코미디, 드라마",2018-02-08,"전체 관람가"
"687","허스토리","민규동","337062",9.54,"드라마",2018-06-27,"12세 관람가"
"688","미드나잇 선","스콧 스피어","326086",8.8,"멜로/로맨스",2018-06-21,"12세 관람가"
"689","덕구","방수인","316141",9.3,"드라마",2018-04-05,"전체 관람가"
"690","번 더 스테이지: 더 무비","박준수","315014",9.31,"다큐멘터리",2018-11-15,"전체 관람가"
"691","트루스 오어 데어","제프 와드로","310962",8.05,"공포, 스릴러",2018-05-22,"15세 관람가"
"692","커뮤터","자움 콜렛 세라","286064",8.78,"액션",2018-01-24,"15세 관람가"
"693","후드","오토 바서스트","284593",8.09,"모험",2018-11-28,"12세 관람가"
"694","바울","앤드류 하얏트","273339",9.49,"드라마",2018-10-31,"15세 관람가"
"695","모털 엔진","크리스찬 리버스","268921",7.2,"액션, 모험, SF",2018-12-05,"12세 관람가"
"696","나를 차버린 스파이","수잔나 포겔","264768",7.92,"액션, 코미디",2018-08-22,"15세 관람가"
"697","명탐정 코난 : 감벽의 관","야마모토 야스이치로","242603",8.59,"애니메이션, 액션",2018-02-14,"12세 관람가"
"698","아이 필 프리티","에비 콘","240297",9.02,"코미디",2018-06-06,"15세 관람가"
"699","시카리오: 데이 오브 솔다도","스테파노 솔리마","229542",8.87,"액션, 범죄, 드라마",2018-06-27,"15세 관람가"
"700","치즈인더트랩","김제영","229005",7.54,"멜로/로맨스, 스릴러",2018-03-14,"15세 관람가"
"701","극한직업","이병헌","16264864",9.2,"코미디",2019-01-23,"15세 관람가"
"702","어벤져스: 엔드게임","안소니 루소","13934587",9.5,"액션, SF",2019-04-24,"12세 관람가"
"703","알라딘","가이 리치","12518950",9.44,"모험, 가족, 판타지",2019-05-23,"전체 관람가"
"704","기생충","봉준호","10080931",9.07,"드라마",2019-05-30,"15세 관람가"
"705","엑시트","이상근","8362276",9.04,"액션, 코미디",2019-07-31,"12세 관람가"
"706","스파이더맨: 파 프롬 홈","존 왓츠","8020786",9.01,"액션, 모험, 코미디",2019-07-02,"12세 관람가"
"707","캡틴 마블","애너 보든","5801070",8.45,"액션, 모험, SF",2019-03-06,"12세 관람가"
"708","라이온 킹","존 파브로","4742374",8.68,"모험, 드라마, 가족",2019-07-17,"전체 관람가"
"709","봉오동 전투","원신연","4512358",9.16,"액션, 드라마",2019-08-07,"15세 관람가"
"710","토이 스토리 4","조시 쿨리","3396300",9.24,"애니메이션, 모험",2019-06-20,"전체 관람가"
"711","돈","박누리","3389038",8.39,"범죄",2019-03-20,"15세 관람가"
"712","악인전","이원태","3364360",8.58,"범죄, 액션",2019-05-15,"청소년 관람불가"
"713","분노의 질주: 홉스&쇼","데이빗 레이치","2969814",9.01,"액션",2019-08-14,"12세 관람가"
"714","말모이","엄유나","2866020",9.19,"드라마",2019-01-09,"12세 관람가"
"715","증인","이한","2534175",9.16,"드라마",2019-02-13,"12세 관람가"
"716","사바하","장재현","2398519",7.41,"미스터리, 스릴러",2019-02-20,"15세 관람가"
"717","알리타: 배틀 엔젤","로버트 로드리게즈","1952063",8.82,"액션, 모험",2019-02-05,"12세 관람가"
"718","내안의 그놈","강효진","1916930",8.76,"판타지, 코미디",2019-01-09,"15세 관람가"
"719","뺑반","한준희","1826714",7.16,"범죄, 액션",2019-01-30,"15세 관람가"
"720","주먹왕 랄프 2: 인터넷 속으로","필 존스턴","1758891",8.96,"애니메이션, 모험",2019-01-03,"전체 관람가"
"721","걸캅스","정다원","1628963",9.03,"코미디, 액션",2019-05-09,"15세 관람가"
"722","사자","김주환","1609434",8.06,"미스터리, 액션",2019-07-31,"15세 관람가"
"723","드래곤 길들이기 3","딘 데블로이스","1506965",9.26,"애니메이션, 모험",2019-01-30,"전체 관람가"
"724","나의 특별한 형제","육상효","1476240",9.15,"드라마, 코미디",2019-05-01,"12세 관람가"
"725","어스","조던 필","1475088",7.7,"스릴러, 공포",2019-03-27,"15세 관람가"
"726","생일","이종언","1197424",9.02,"드라마",2019-04-03,"전체 관람가"
"727","항거:유관순 이야기","조민호","1157887",9.39,"드라마",2019-02-27,"12세 관람가"
"728","마이펫의 이중생활2","크리스 리노드","1101336",9.11,"애니메이션, 모험",2019-07-31,"전체 관람가"
"729","롱 리브 더 킹: 목포 영웅","강윤성","1093774",8.61,"액션, 드라마",2019-06-19,"15세 관람가"
"730","존 윅 3: 파라벨룸","채드 스타헬스키","1004116",8.63,"액션, 범죄, 스릴러",2019-06-26,"청소년 관람불가"
"731","나랏말싸미","조철현","953979",6.84,"드라마",2019-07-24,"전체 관람가"
"732","엑스맨: 다크 피닉스","사이먼 킨버그","862633",7.53,"액션, 모험, SF",2019-06-05,"12세 관람가"
"733","맨 인 블랙: 인터내셔널","F. 게리 그레이","850986",6.55,"액션, 코미디, SF",2019-06-12,"12세 관람가"
"734","변신","김홍선","769639",8.39,"공포, 스릴러",2019-08-21,"15세 관람가"
"735","뽀로로 극장판 보물섬 대모험","김현호","766758",9.35,"애니메이션",2019-04-25,"전체 관람가"
"736","레드슈즈","홍성호","763058",9.22,"애니메이션, 모험",2019-07-25,"전체 관람가"
"737","명탐정 피카츄","롭 레터맨","686811",8.51,"액션, 모험, 코미디",2019-05-09,"전체 관람가"
"738","샤잠!","데이비드 F. 샌드버그","657294",7.71,"액션, 판타지, SF",2019-04-03,"12세 관람가"
"739","극장판 헬로카봇:옴파로스 섬의 비밀","최신규","575353",8.77,"애니메이션",2019-01-31,"전체 관람가"
"740","이스케이프 룸","애덤 로비텔","563114",7.94,"액션, 공포, 스릴러",2019-03-14,"15세 관람가"
"741","애나벨 집으로","게리 도버먼","481766",7.47,"공포, 미스터리",2019-06-26,"15세 관람가"
"742","글래스","M. 나이트 샤말란","466475",8.06,"드라마, 미스터리",2019-01-17,"15세 관람가"
"743","그린 북","피터 패럴리","433980",9.55,"드라마",2019-01-09,"12세 관람가"
"744","광대들: 풍문조작단","김주호","433756",8.48,"드라마",2019-08-21,"12세 관람가"
"745","장난스런 키스","프랭키 첸","428009",8.54,"멜로/로맨스",2019-03-27,"12세 관람가"
"746","해피 데스데이 2 유","크리스토퍼 랜던","412850",8.3,"공포, 코미디",2019-02-14,"15세 관람가"
"747","극장판 공룡메카드: 타이니소어의 섬","최신규","410273",9.17,"애니메이션",2019-01-10,"전체 관람가"
"748","고질라: 킹 오브 몬스터","마이클 도허티","359041",8.12,"액션, 모험, SF",2019-05-29,"12세 관람가"
"749","덤보","팀 버튼","345522",9.18,"가족, 판타지",2019-03-27,"전체 관람가"
"750","러브 유어셀프 인 서울","BTS","340411",9.29,"공연실황",2019-01-26,"전체 관람가"
"751","브링 더 소울 : 더 무비","박준수","336208",9.76,"다큐멘터리",2019-08-07,"전체 관람가"
"752","헬보이","닐 마샬","323198",7.75,"액션, 모험, 판타지",2019-04-10,"청소년 관람불가"
"753","천로역정: 천국을 찾아서","로버트 페르난데스","293412",9.43,"애니메이션, 모험",2019-06-13,"전체 관람가"
"754","미성년","김윤석","293258",8.65,"드라마",2019-04-11,"15세 관람가"
"755","배심원들","홍승완","288303",9.31,"드라마",2019-05-15,"12세 관람가"
"756","기방도령","남대중","286189",7.11,"코미디",2019-07-10,"15세 관람가"
"757","신데렐라:마법 반지의 비밀","린 사우더랜드","284913",6.62,"애니메이션, 판타지",2019-02-20,"전체 관람가"
"758","기묘한 가족","이민재","263598",7.51,"코미디",2019-02-13,"12세 관람가"
"759","악질경찰","이정범","262235",7.14,"드라마",2019-03-20,"청소년 관람불가"
"760","메리 포핀스 리턴즈","롭 마샬","224160",8.69,"판타지, 뮤지컬",2019-02-14,"전체 관람가"
"761","명탐정 코난: 감청의 권","나가오카 치카","219118",7.38,"애니메이션",2019-07-24,"12세 관람가"
"762","어린 의뢰인","장규성","203009",9.13,"드라마",2019-05-22,"12세 관람가"
"763","요로나의 저주","마이클 차베즈","202756",7.73,"공포, 미스터리",2019-04-17,"15세 관람가"
"764","비스트","이정호","202007",8.37,"범죄, 스릴러",2019-06-26,"15세 관람가"
"765","언니","임경택","198377",7.27,"액션",2019-01-01,"청소년 관람불가"
"766","언더독","오성윤","194024",9.47,"애니메이션",2019-01-16,"전체 관람가"
"767","안녕, 티라노: 영원히, 함께","시즈노 코분","191781",8.7,"애니메이션",2019-08-14,"전체 관람가"
"768","롱 샷","조나단 레빈","190993",8.94,"코미디",2019-07-24,"15세 관람가"
"769","앵그리 버드 2: 독수리 왕국의 침공","서럽 밴 오먼","187954",9.05,"애니메이션, 액션",2019-08-07,"전체 관람가"
"770","우상","이수진","183784",6.61,"스릴러",2019-03-20,"15세 관람가"
"771","자전차왕 엄복동","김유성","172213",7.49,"드라마",2019-02-27,"12세 관람가"
"772","진범","고정욱","168119",7.51,"스릴러",2019-07-10,"15세 관람가"
"773","더 페이버릿: 여왕의 여자","요르고스 란티모스","164372",8.92,"드라마",2019-02-21,"15세 관람가"
"774","가버나움","나딘 라바키","143249",9.54,"드라마",2019-01-24,"15세 관람가"
"775","0.0MHz","유선동","137294",6.57,"공포",2019-05-29,"15세 관람가"
"776","바이스","아담 맥케이","136483",8.73,"드라마",2019-04-11,"15세 관람가"
"777","극장판 엉덩이 탐정: 화려한 사건 수첩","히라야마 미호","135315",5.95,"애니메이션",2019-07-11,"전체 관람가"
"778","커런트 워","알폰소 고메즈-레존","131205",7.98,"드라마",2019-08-22,"12세 관람가"
"779","명탐정 코난:전율의 악보","야마모토 야스이치로","116059",8.25,"애니메이션, 서스펜스",2019-02-14,"12세 관람가"
"780","로켓맨","덱스터 플레처","107235",8.86,"드라마, 판타지",2019-06-05,"15세 관람가"
"781","미래의 미라이","호소다 마모루","106521",7.29,"애니메이션",2019-01-16,"전체 관람가"
"782","교회오빠","이호경","105023",9.87,"다큐멘터리",2019-05-16,"전체 관람가"
"783","공포의 묘지","케빈 콜쉬","102826",6.33,"스릴러, 공포",2019-04-10,"15세 관람가"
"784","크게 될 놈","강지은","102374",9.14,"드라마",2019-04-18,"15세 관람가"
"785","콜드 체이싱","한스 페터 몰란트","101694",7.34,"액션",2019-02-20,"15세 관람가"
"786","암전","김진원","101558",5.33,"공포, 미스터리",2019-08-15,"15세 관람가"
"787","라스트 미션","클린트 이스트우드","101465",8.87,"드라마",2019-03-14,"15세 관람가"
"788","파이브 피트","저스틴 밸도니","98661",9.02,"드라마, 멜로/로맨스",2019-04-10,"15세 관람가"
"789","원더랜드","딜런 브라운","96538",8.57,"애니메이션, 모험",2019-08-14,"전체 관람가"
"790","아이 엠 마더","피에르 모렐","94119",8.66,"액션, 드라마, 스릴러",2019-04-11,"15세 관람가"
"791","구스 베이비","크리스토퍼 젠킨스","91490",9.06,"애니메이션, 코미디",2019-01-16,"전체 관람가"
"792","더 보이","데이비드 야로베스키","89432",6.48,"공포, SF",2019-05-23,"15세 관람가"
"793","그대 이름은 장미","조석현","89238",7.62,"코미디",2019-01-16,"12세 관람가"
"794","레고 무비2","마이크 미첼","88392",8.85,"애니메이션, 액션",2019-02-06,"전체 관람가"
"795","미드소마","아리 에스터","84754",7.56,"공포, 드라마",2019-07-11,"청소년 관람불가"
"796","로망","이창근","79133",8.98,"멜로/로맨스",2019-04-03,"전체 관람가"
"797","어쩌다, 결혼","박호찬","76846",7.28,"멜로/로맨스, 코미디",2019-02-27,"12세 관람가"
"798","호텔 뭄바이","안소니 마라스","74034",9.11,"범죄, 드라마, 스릴러",2019-05-08,"15세 관람가"
"799","김복동","송원근","69991",9.84,"다큐멘터리",2019-08-08,"12세 관람가"
"800","1919 유관순","신상민","61578",8.28,"다큐멘터리",2019-03-14,"12세 관람가"
